Candidate Name,Matched Skills,Match Percentage
A,['R'],25.0
A2,['R'],25.0
Alex Rivera,"['R', 'Python']",50.0
Alphine_Patrick_resume 1,"['R', 'Python', 'Machine Learning', 'SQL']",100.0
Alphine_Patrick_resume,"['R', 'Python', 'SQL']",75.0
David White,"['R', 'SQL']",50.0
Emily Davis 1,"['R', 'Python', 'Machine Learning', 'SQL']",100.0
Emily Davis,"['R', 'Python', 'Machine Learning', 'SQL']",100.0
Emily Sanders,"['R', 'SQL']",50.0
Emily Taylor,"['R', 'Python', 'Machine Learning', 'SQL']",100.0
Ethan Clark,"['R', 'Python', 'SQL']",75.0
HEPZI CHANDRA J (3),"['R', 'Python', 'SQL']",75.0
Jane Smith 3,"['R', 'Python', 'Machine Learning', 'SQL']",100.0
Jane Smith,['R'],25.0
Jesper_deni_Resume1,"['R', 'Python', 'Machine Learning', 'SQL']",100.0
Jesvin Nithish's Resume,"['R', 'Python', 'SQL']",75.0
John Doe 1,"['R', 'Python', 'SQL']",75.0
John Doe,"['R', 'Python', 'SQL']",75.0
John Doe1,"['R', 'Python', 'SQL']",75.0
John Martin,"['R', 'SQL']",50.0
LALITH UIUX DESIGNER,"['R', 'Machine Learning', 'SQL']",75.0
Liam Baker,"['R', 'Python', 'SQL']",75.0
Michael Davis,"['R', 'SQL']",50.0
Michael Johnson 1,"['R', 'Python', 'Machine Learning', 'SQL']",100.0
Michael Johnson 2,"['R', 'SQL']",50.0
Michael Johnson 3,"['R', 'Python', 'Machine Learning', 'SQL']",100.0
Michael Johnson,['R'],25.0
Michael Robinson,"['R', 'Python', 'SQL']",75.0
Monish-K Resume,"['R', 'SQL']",50.0
Rachel Turner,"['R', 'Python']",50.0
RAGURAM RESUME,['R'],25.0
Sarah Parker,"['R', 'Python', 'SQL']",75.0
Sophia Reed,"['R', 'Python', 'SQL']",75.0
STANLEY FINAL RESUME,['R'],25.0
William Adams,"['R', 'Python', 'SQL']",75.0
